	favorite_count	retweet_count	tweet_id
0	38262	8381	892420643555336193
1	32800	6189	892177421306343426
2	24697	4095	891815181378084864
3	41591	8516	891689557279858688
4	39771	9235	891327558926688256
5	19960	3068	891087950875897856
6	11682	2039	890971913173991426
7	64579	18614	890729181411237888
8	27432	4213	890609185150312448
9	31486	7280	890240255349198849
10	30257	7229	890006608113172480
11	27414	4903	889880896479866881
12	47489	9919	889665388333682689
13	26809	4481	889638837579907072
14	14903	2210	889531135344209921
15	24920	5305	889278841981685760
16	28701	4432	888917238123831296
17	25232	4239	888804989199671297
18	19587	3502	888554962724278272
19	21475	3448	888078434458587136
20	29767	5317	887705289381826560
21	45657	11506	887517139158093824
22	68183	17935	887473957103951883
23	33229	10258	887343217045368832
24	30164	5883	887101392804085760
25	34703	7670	886983233522544640
26	11889	3238	886736880519319552
27	22142	4402	886680336477933568
28	20900	3156	886366144734445568
29	116	4	886267009285017600
30	27623	6192	886258384151887873
31	0	105	886054160059072513
32	32245	6706	885984800019947520
33	35516	6339	885528943205470208
34	20156	3708	885518971528720385
35	0	18335	885311592912609280
36	21644	4324	885167619883638784
37	76438	18066	884925521741709313
38	27560	5587	884876753390489601
39	23995	4688	884562892145688576
40	26649	5579	884441805382717440
41	72104	20195	884247878851493888
42	20093	2947	884162670584377345
43	21628	3404	883838122936631299
44	45344	9826	883482846933004288
45	22282	3631	883360690899218434
46	36725	6587	883117836046086144
47	23660	3869	882992080364220416
48	27954	4856	882762694511734784
49	27567	6008	882627270321602560
50	44385	11452	882268110199369728
51	28985	4909	882045870035918850
52	24010	3353	881906580714921986
53	49949	10538	881666595344535552
54	124	7	881633300179243008
55	48833	15757	881536004380872706
56	22794	5107	881268444196462592
57	16804	2750	880935762899988482
58	21010	3771	880872448815771648
59	28182	6205	880465832366813184
60	26731	4168	880221127280381952
61	27296	4308	880095782870896641
62	22058	3458	879862464715927552
63	310	10	879674319642796034
64	23129	3147	879492040517615616
65	104595	43673	879415818425184262
66	16573	3088	879376492567855104
67	0	6753	879130579576475649
68	22297	4673	879050749262655488
69	18750	2667	879008229531029506
70	19183	4083	878776093423087618
71	29919	7126	878604707211726852
72	0	1275	878404777348136964
73	0	6588	878316110768087041
74	7654	1275	878281511006478336
75	41541	6753	878057613040115712
76	78806	18890	877736472329191424
77	0	80	877611172832227328
78	22449	3772	877556246731214848
79	27048	5124	877316821321428993
80	26804	5529	877201837425926144
81	20429	3311	876838120628539392
82	23223	4583	876537666061221889
83	18548	2378	876484053909872640
84	27597	4655	876120275196170240
85	24904	4256	875747767867523072
86	21677	4890	875144289856114688
87	27120	5999	875097192612077568
88	25191	4682	875021211251597312
89	27536	4611	874680097055178752
90	0	14646	874434818259525634
91	25788	4083	874296783580663808
92	22419	3932	874057562936811520
93	34264	10362	874012996292530176
94	23982	3925	873580283840344065
95	0	1581	873337748698140672
96	7169	1581	873213775632977920
97	27120	5385	872967104147763200
98	14579	3683	872820683541237760
99	20600	3688	872620804844003328
100	40336	8980	872486979161796608
101	33926	6303	872261713294495745
102	34184	8105	872122724285648897
103	37716	11168	871879754684805121
104	20128	3473	871762521631449091
105	20080	3448	871515927908634625
106	0	5698	871166179821445120
107	20794	5505	871102520638267392
108	22522	3817	871032628920680449
109	33437	6213	870804317367881728
110	119	3	870726314365509632
111	12345	2653	870656317836468226
112	82321	26274	870374049280663552
113	21740	4165	870308999962521604
114	36530	8382	870063196459192321
115	42279	10073	869772420881756160
116	28159	6368	869702957897576449
117	15932	3142	869596645499047938
118	20381	3804	869227993411051520
119	65553	14582	868880397819494401
120	0	2112	868639477480148993
121	26849	5476	868622495443632128
122	10130	2112	868552278524837888
123	24184	4211	867900495410671616
124	34013	7404	867774946302451713
125	16122	2533	867421006826221569
126	0	123	867072653475098625
127	32284	7948	867051520902168576
128	20128	4865	866720684873056260
129	19379	3529	866686824827068416
130	122613	35697	866450705531457537
131	52773	14646	866334964761202691
132	0	8486	866094527597207552
133	25718	5687	865718153858494464
134	26587	5069	865359393868664832
135	28153	7796	865006731092295680
136	32470	8845	864873206498414592
137	14712	3088	864279568663928832
138	30348	9093	864197398364647424
139	20768	4213	863907417377173506
140	15406	4246	863553081350529029
141	0	2501	863471782782697472
142	23994	5359	863432100342583297
143	2282	99	863427515083354112
144	8835	1119	863079547188785154
145	8595	2501	863062471531167744
146	19333	5180	862831371563274240
147	17205	3595	862722525377298433
148	20732	5053	862457590147678208
149	75220	23781	862096992088072192
150	36428	10921	861383897657036800
151	17368	4246	861288531465048066
152	16894	3890	861005113778896900
153	0	2209	860981674716409858
154	0	842	860924035999428608
155	7593	2209	860563773140209665
156	23889	5397	860524505164394496
157	18512	3559	860276583193509888
158	16885	5970	860184849394610176
159	0	31637	860177593139703809
160	19785	4200	859924526012018688
161	15586	3599	859851578198683649
162	18831	1614	859607811541651456
163	91098	31032	859196978902773760
164	34369	13972	859074603037188101
165	0	8372	858860390427611136
166	15750	3572	858843525470990336
167	21813	4987	858471635011153920
168	15962	3004	858107933456039936
169	16366	2662	857989990357356544
170	34847	10974	857746408056729600
171	6008	1691	857393404942143489
172	20349	4663	857263160327368704
173	233	18	857214891891077121
174	0	177	857062103051644929
175	19276	4138	857029823797047296
176	0	11063	856602993587888130
177	16568	2981	856543823941562368
178	12060	1942	856526610513747968
179	0	702	856330835276025856
180	526	17	856288084350160898
181	28256	6545	856282028240666624
182	353	28	855862651834028034
183	5148	1068	855860136149123072
184	12089	2191	855857698524602368
185	46353	18363	855851453814013952
186	27156	5633	855818117272018944
187	30591	8537	855459453768019968
188	0	6221	855245323840757760
189	0	48	855138241867124737
190	23390	6365	854732716440526848
191	30054	7170	854482394044301312
192	19368	4890	854365224396361728
193	32794	7817	854120357044912130
194	16624	3299	854010172552949760
195	29377	6069	853760880890318849
196	35844	10614	853639147608842240
197	15961	3741	853299958564483072
198	0	2110	852936405516943360
199	9322	1930	852912242202992640
200	15371	2265	852672615818899456
201	16876	3697	852553447878664193
202	34159	10397	852311364735569921
203	20632	7154	852226086759018497
204	11831	1667	852189679701164033
205	0	10155	851953902622658560
206	0	23	851861385021730816
207	16736	3659	851591660324737024
208	25098	7460	851464819735769094
209	21385	6035	851224888060895234
210	32126	9805	850753642995093505
211	13520	2766	850380195714523136
212	3550	352	850333567704068097
213	16915	4050	850145622816686080
214	21213	5182	850019790995546112
215	31612	8040	849776966551130114
216	0	5252	849668094696017920
217	16473	3328	849412302885593088
218	11851	1998	849336543269576704
219	44116	9041	849051919805034497
220	26185	4581	848690551926992896
221	25725	4886	848324959059550208
222	8488	793	848213670039564288
223	16967	3264	848212111729840128
224	0	3460	847978865427394560
225	0	458	847971574464610304
226	24457	5419	847962785489326080
227	5705	1428	847842811428974592
228	7292	451	847617282490613760
229	19554	3609	847606175596138505
230	21294	4569	847251039262605312
231	20813	6230	847157206088847362
232	22320	3396	847116187444137987
233	20951	4181	846874817362120707
234	46598	12375	846514051647705089
235	14744	3296	846505985330044928
236	33102	9666	846153765933735936
237	32210	10519	846139713627017216
238	16687	3086	846042936437604353
239	30623	9333	845812042753855489
240	26220	5102	845677943972139009
241	7974	1937	845397057150107648
242	24380	5761	845306882940190720
243	0	8188	845098359547420673
244	14252	2759	844979544864018432
245	15805	3436	844973813909606400
246	40503	11063	844704788403113984
247	17234	3366	844580511645339650
248	14265	2347	844223788422217728
249	15823	3126	843981021012017153
250	22406	4950	843856843873095681
251	17686	2948	843604394117681152
252	22501	6484	843235543001513987
253	15937	3852	842846295480000512
254	7073	1363	842765311967449089
255	18970	3754	842535590457499648
256	25675	6221	842163532590374912
257	14688	3249	842115215311396866
258	0	16466	841833993020538882
259	26887	8312	841680585030541313
260	13258	3936	841439858740625411
261	20728	5826	841320156043304961
262	16616	5034	841314665196081154
263	24029	5698	841077006473256960
264	0	1885	840761248237133825
265	0	17412	840728873075638272
266	189	2	840698636975636481
267	12915	1053	840696689258311684
268	9422	1885	840632337062862849
269	17304	4895	840370681858686976
270	20264	6165	840268004936019968
271	14124	2472	839990271299457024
272	28960	8372	839549326359670784
273	0	154	839290600511926273
274	28615	7034	839239871831150596
275	20646	4276	838952994649550848
276	11759	2235	838921590096166913
277	0	36	838916489579200512
278	0	11921	838831947270979586
279	11485	1428	838561493054533637
280	23809	5198	838476387338051585
281	0	10893	838201503651401729
282	1768	354	838150277551247360
283	149	0	838085839343206401
284	18573	3398	838083903487373313
285	36030	8486	837820167694528512
286	4042	477	837482249356513284
287	13484	2477	837471256429613056
288	22282	5718	837366284874571778
289	16891	2590	837110210464448512
290	13419	2476	836989968035819520
291	20280	4985	836753516572119041
292	13295	2399	836677758902222849
293	0	593	836648853927522308
294	0	29856	836397794269200385
295	15528	3196	836380477523124226
296	22425	4636	836260088725786625
297	20171	4639	836001077879255040
298	0	8833	835685285446955009
299	18782	3919	835574547218894849
300	0	1844	835536468978302976
301	0	22748	835309094223372289
302	17325	3235	835297930240217089
303	8187	1844	835264098648616962
304	2205	78	835246439529840640
305	27600	6216	835172783151792128
306	23716	3266	835152434251116546
307	11446	1789	834931633769889797
308	22341	5927	834786237630337024
309	14476	2751	834574053763584002
310	0	11563	834477809192075265
311	10170	1814	834458053273591808
312	21783	5191	834209720923721728
313	16652	3936	834167344700198914
314	10617	2303	834089966724603904
315	13811	2405	834086379323871233
316	14177	2605	833863086058651648
317	16224	3729	833826103416520705
318	0	234	833732339549220864
319	21878	3480	833722901757046785
320	15708	2239	833479644947025920
321	21357	5252	833124694597443584
322	14069	2406	832998151111966721
323	0	40	832769181346996225
324	17794	3937	832757312314028032
325	12561	3187	832682457690300417
326	3086	563	832645525019123713
327	16781	3038	832636094638288896
328	12647	2416	832397543355072512
329	18148	3460	832369877331693569
330	11973	2529	832273440279240704
331	0	6723	832215909146226688
332	0	10184	832215726631055365
333	70	2	832088576586297345
334	0	10568	832040443403784192
335	18873	5052	832032802820481025
336	25419	6665	831939777352105988
337	361	35	831926988323639298
338	29295	7084	831911600680497154
339	11065	1971	831670449226514432
340	7602	2110	831650051525054464
341	9537	2490	831552930092285952
342	9733	1662	831322785565769729
343	6909	1213	831315979191906304
344	12420	2656	831309418084069378
345	12619	2230	831262627380748289
346	8454	1627	830956169170665475
347	70968	18335	830583320585068544
348	0	6209	830173239259324417
349	10418	3273	830097400375152640
350	0	5462	829878982036299777
351	12966	2132	829861396166877184
352	33695	11563	829501995190984704
353	11099	2208	829449946868879360
354	36743	10155	829374341691346946
355	26013	8080	829141528400556032
356	56261	17664	829011960981237760
357	0	3709	828801551087042563
358	27141	6411	828770345708580865
359	38879	12249	828708714936930305
360	10091	1469	828650029636317184
361	6679	1253	828409743546925057
362	8116	1400	828408677031882754
363	13408	2422	828381636999917570
364	7844	1160	828376505180889089
365	13310	3205	828372645993398273
366	2330	184	828361771580813312
367	12495	3124	828046555563323392
368	11012	2342	828011680017821696
369	21411	5699	827933404142436356
370	16403	3285	827653905312006145
371	7863	1035	827600520311402496
372	16884	3344	827324948884643840
373	11241	2449	827199976799354881
374	22937	5462	826958653328592898
375	38795	11164	826848821049180160
376	0	4312	826615380357632002
377	5438	277	826598799820865537
378	10716	2562	826598365270007810
379	19606	4580	826476773533745153
380	14119	2823	826240494070030336
381	5189	1018	826204788643753985
382	16686	3427	826115272272650244
383	11128	2042	825876512159186944
384	13565	2721	825829644528148480
385	55429	18798	825535076884762624
386	19481	5004	825147591692263424
387	0	1406	825120256414846976
388	6758	1406	825026590719483904
389	0	6010	824796380199809024
390	15942	3858	824775126675836928
391	10727	1898	824663926340194305
392	12547	11360	824325613288833024
393	16040	4231	824297048279236611
394	5084	646	824025158776213504
395	11352	2970	823939628516474880
396	0	12295	823719002937630720
397	13410	2651	823699002998870016
398	13902	2895	823581115634085888
399	743	29	823333489516937216
400	16781	4399	823322678127919110
401	0	10799	823269594223824897
402	18444	3768	822975315408461824
403	141220	48066	822872901745569793
404	14095	2497	822859134160621569
405	0	7043	822647212903690241
406	15755	3244	822610361945911296
407	19363	7043	822489057087389700
408	30419	16085	822462944365645825
409	37393	10799	822244816520155136
410	0	5272	822163064745328640
411	12127	2566	821886076407029760
412	0	3659	821813639212650496
413	8999	1824	821765923262631936
414	8568	1939	821522889702862852
415	0	6140	821421320206483457
416	12575	4778	821407182352777218
417	272	10	821153421864615936
418	9319	2207	821149554670182400
419	10243	2334	821107785811234820
420	13531	2512	821044531881721856
421	0	7342	820837357901512704
422	33713	10893	820749716845686786
423	13040	3543	820690176645140481
424	0	623	820494788566847489
425	0	2838	820446719150292993
426	3565	623	820314633777061888
427	21185	6897	820078625395449857
428	0	1302	820013781606658049
429	5688	1302	819952236453363712
430	13754	5317	819924195358416896
431	14403	3448	819711362133872643
432	10224	2160	819588359383371776
433	7728	1326	819347104292290561
434	2441	446	819238181065359361
435	24702	7342	819227688460238848
436	0	40290	819015337530290176
437	0	20764	819015331746349057
438	48304	20764	819006400881917954
439	92422	40290	819004803107983360
440	0	22939	818646164899774465
441	23750	8185	818627210458333184
442	10553	2839	818614493328580609
443	0	6748	818588835076603904
444	11679	2725	818536468981415936
445	0	8939	818307523543449600
446	11807	2518	818259473185828864
447	13157	2859	818145370475810820
448	5187	866	817908911860748288
449	55553	29856	817827839487737858
450	11457	2939	817777686764523521
451	12635	3340	817536400337801217
452	0	3725	817502432452313088
453	36672	16466	817423860136083457
454	6017	1061	817415592588222464
455	0	9359	817181837579653120
456	9342	2212	817171292965273600
457	13036	2884	817120970343411712
458	9186	1819	817056546584727552
459	0	5193	816829038950027264
460	10715	2240	816816676327063552
461	10506	2434	816697700272001025
462	32789	8939	816450570814898180
463	9217	2152	816336735214911488
464	9574	2373	816091915477250048
465	0	1147	816062466425819140
466	0	5851	816014286006976512
467	5360	1147	815990720817401858
468	24061	9359	815966073409433600
469	0	4555	815745968457060357
470	10549	2503	815736392542261248
471	8813	1813	815639385530101762
472	11095	4195	815390420867969024
473	8190	1424	814986499976527872
474	12093	2988	814638523311648768
475	0	6397	814578408554463233
476	9297	2044	814530161257443328
477	30870	9582	814153002265309185
478	0	3530	813944609378369540
479	9977	2075	813910438903693312
480	38998	15442	813812741911748608
481	8962	1940	813800681631023104
482	20062	8044	813217897535406080
483	9853	1980	813202720496779264
484	21290	4810	813187593374461952
485	10026	2111	813172488309972993
486	8324	2448	813157409116065792
487	9039	2600	813142292504645637
488	4794	488	813130366689148928
489	12740	3449	813127251579564032
490	11105	3039	813112105746448384
491	11292	3978	813096984823349248
492	10606	3053	813081950185472002
493	8553	2146	813066809284972545
494	22513	8089	813051746834595840
495	8140	2106	812781120811126785
496	0	7650	812747805718642688
497	7119	1575	812709060537683968
498	6531	1352	812503143955202048
499	8589	2120	812466873996607488
500	14723	4041	812372279581671427
501	7799	1547	811985624773361665
502	8117	1779	811744202451197953
503	6000	820	811647686436880384
504	13764	3460	811627233043480576
505	22461	7058	811386762094317568
506	5731	1582	810984652412424192
507	9723	1976	810896069567610880
508	11783	2919	810657578271330305
509	38125	12602	810284430598270976
510	15790	3709	810254108431155201
511	16648	4312	809920764300447744
512	0	5413	809808892968534016
513	7448	1620	809448704142938112
514	21446	6209	809220051211603969
515	14216	3873	809084759137812480
516	10860	3361	808838249661788160
517	8507	2394	808733504066486276
518	12136	2877	808501579447930884
519	45737	22939	808344865868283904
520	0	6574	808134635716833280
521	9375	2423	808106460588765185
522	13532	3904	808001312164028416
523	15666	4071	807621403335917568
524	121205	59900	807106840509214720
525	0	8107	807059379405148160
526	14015	4225	807010152071229440
527	80866	38539	806629075125202948
528	0	6103	806620845233815552
529	5212	2121	806576416489959424
530	10991	2616	806542213899489280
531	0	12931	806242860592926720
532	6909	1321	806219024703037440
533	0	5949	805958939288408065
534	8897	2112	805932879469572096
535	7092	2025	805826884734976000
536	0	8896	805823200554876929
537	6175	1822	805520635690676224
538	9441	2801	805487436403003392
539	8393	1887	805207613751304193
540	14797	4261	804738756058218496
541	6618	2219	804475857670639616
542	0	3561	804413760345620481
543	48056	17938	804026241225523202
544	10815	3063	803773340896923648
545	0	8212	803692223237865472
546	11834	4578	803638050916102144
547	8346	2056	803380650405482500
548	0	5879	803321560782307329
549	10793	2736	803276597545603072
550	9723	2223	802952499103731712
551	0	3244	802624713319034886
552	7665	1627	802600418706604034
553	9624	2770	802572683846291456
554	17508	6465	802323869084381190
555	7111	1506	802265048156610565
556	9784	2881	802239329049477120
557	0	295	802185808107208704
558	8319	1889	801958328846974976
559	1892	260	801854953262350336
560	8833	2275	801538201127157760
561	6529	920	801285448605831168
562	26406	6574	801167903437357056
563	0	4396	801127390143516673
564	8716	2314	801115127852503040
565	745	107	800859414831898624
566	0	1805	800855607700029440
567	11312	3074	800751577355128832
568	14152	3331	800513324630806528
569	10194	2394	800459316964663297
570	0	4775	800443802682937345
571	12021	3103	800388270626521089
572	0	4362	800188575492947969
573	16497	2838	800141422401830912
574	30586	14587	800018252395122689
575	0	5188	799774291445383169
576	9067	2395	799757965289017345
577	8670	2118	799422933579902976
578	0	6127	799308762079035393
579	10683	3069	799297110730567681
580	8734	2726	799063482566066176
581	14203	4959	798933969379225600
582	8016	1591	798925684722855936
583	0	7314	798705661114773508
584	0	8640	798701998996647937
585	0	7204	798697898615730177
586	0	5492	798694562394996736
587	0	2576	798686750113755136
588	0	5230	798682547630837760
589	0	6143	798673117451325440
590	0	4308	798665375516884993
591	0	2051	798644042770751489
592	0	2175	798628517273620480
593	0	6321	798585098161549313
594	0	6493	798576900688019456
595	0	3724	798340744599797760
596	11196	2832	798209839306514432
597	12568	3474	797971864723324932
598	15636	5377	797545162159308800
599	21576	7345	797236660651966464
600	247	29	797165961484890113
601	0	9848	796904159865868288
602	8284	2108	796865951799083009
603	12801	3385	796759840936919040
604	0	8082	796563435802726400
605	8173	1950	796484825502875648
606	11872	4612	796387464403357696
607	0	15845	796177847564038144
608	34903	15845	796149749086875649
609	5322	1976	796125600683540480
610	9797	2682	796116448414461957
611	9122	2571	796080075804475393
612	11650	4082	796031486298386433
613	53737	26384	795464331001561088
614	10896	3172	795400264262053889
615	17504	6010	795076730285391872
616	0	3733	794983741416415232
617	11090	2560	794926597468000259
618	0	11389	794355576146903043
619	10323	2929	794332329137291264
620	9910	3660	794205286408003585
621	18150	5413	793962221541933056
622	9921	2078	793845145112371200
623	0	3451	793614319594401792
624	8602	1813	793601777308463104
625	11532	2640	793500921481273345
626	26547	10184	793286476301799424
627	9322	2620	793271401113350145
628	21547	9232	793256262322548741
629	11340	3629	793241302385262592
630	10614	3170	793226087023144960
631	9634	3115	793210959003287553
632	16470	6226	793195938047070209
633	7462	2202	793180763617361921
634	10140	3084	793165685325201412
635	6652	1889	793150605191548928
636	6973	2765	793135492858580992
637	13685	4328	793120401413079041
638	15461	4446	792913359805018113
639	12203	4731	792883833364439040
640	7919	1861	792773781206999040
641	14530	4746	792394556390137856
642	7743	1987	792050063153438720
643	0	23266	791821351946420224
644	0	10668	791784077045166082
645	0	4203	791780927877898241
646	48676	24557	791774931465953280
647	12682	3451	791672322847637504
648	14155	4555	791406955684368384
649	9473	2816	791312159183634433
650	0	4556	791026214425268224
651	10669	2364	790987426131050500
652	17908	5193	790946055508652032
653	0	2566	790723298204217344
654	8838	2108	790698755171364864
655	22294	7944	790581949425475584
656	8437	2064	790337589677002753
657	13517	3530	790277117346975746
658	0	3950	790227638568808452
659	9972	2566	789986466051088384
660	0	4591	789960241177853952
661	11212	4567	789903600034189313
662	8105	1970	789628658055020548
663	7298	2143	789599242079838210
664	12688	3733	789530877013393408
665	9273	2550	789314372632018944
666	0	5471	789280767834746880
667	9820	2852	789268448748703744
668	10454	3090	789137962068021249
669	29520	13697	788908386943430656
670	29553	11389	788765914992902144
671	0	7962	788552643979468800
672	16808	5860	788412144018661376
673	7798	2340	788178268662984705
674	6629	1439	788150585577050112
675	0	3779	788070120937619456
676	6618	1465	788039637453406209
677	9355	3371	787810552592695296
678	11000	3075	787717603741622272
679	11680	3135	787397959788929025
680	8389	1924	787322443945877504
681	0	7409	787111942498508800
682	28621	8833	786963064373534720
683	0	2667	786729988674449408
684	19563	6723	786709082849828864
685	11493	2835	786664955043049472
686	10123	3418	786595970293370880
687	11741	3873	786363235746385920
688	8589	3160	786286427768250368
689	16483	5272	786233965241827333
690	1550	169	786051337297522688
691	0	7802	786036967502913536
692	12224	3492	785927819176054784
693	7194	2017	785872687017132033
694	8408	2451	785639753186217984
695	9802	2216	785533386513321988
696	6553	1388	785515384317313025
697	7811	1806	785264754247995392
698	13025	5364	785170936622350336
699	10906	3561	784826020293709826
700	9657	2795	784517518371221505
701	6126	1414	784431430411685888
702	21631	8896	784183165795655680
703	32160	12295	784057939640352768
704	32313	11921	783839966405230592
705	7924	2165	783821107061198850
706	11235	3552	783695101801398276
707	9082	2484	783466772167098368
708	18144	6075	783391753726550016
709	0	6172	783347506784731136
710	31434	12931	783334639985389568
711	8749	2445	783085703974514689
712	25919	8107	782969140009107456
713	8026	1537	782747134529531904
714	18556	5949	782722598790725632
715	8360	2062	782598640137187329
716	17917	6140	782305867769217024
717	0	6872	782021823840026624
718	11935	3701	781955203444699136
719	11223	2981	781661882474196992
720	4298	1236	781655249211752448
721	22293	6103	781524693396357120
722	7658	2799	781308096455073793
723	9066	2311	781251288990355457
724	10487	3005	781163403222056960
725	23235	8082	780931614150983680
726	7732	2195	780858289093574656
727	5924	1428	780800785462489090
728	12975	3659	780601303617732608
729	6762	1908	780543529827336192
730	0	4085	780496263422808064
731	0	128	780476555013349377
732	5674	1175	780459368902959104
733	9348	2461	780192070812196864
734	0	2528	780092040432480260
735	13152	5500	780074436359819264
736	20394	7802	779834332596887552
737	9469	3423	779377524342161408
738	0	20259	779124354206535695
739	12674	4003	779123168116150273
740	15882	4972	779056095788752897
741	21512	8004	778990705243029504
742	0	10957	778774459159379968
743	920	403	778764940568104960
744	7401	1467	778748913645780993
745	6195	1641	778650543019483137
746	4998	1115	778624900596654080
747	14639	4780	778408200802557953
748	0	13459	778396591732486144
749	6255	1211	778383385161035776
750	11157	3636	778286810187399168
751	9096	2890	778039087836069888
752	7035	1782	778027034220126208
753	0	3872	777953400541634568
754	6818	1808	777885040357281792
755	12038	3244	777684233540206592
756	0	4667	777641927919427584
757	9412	2737	777621514455814149
758	15343	4759	777189768882946048
759	0	15102	776819012571455488
760	5232	1327	776813020089548800
761	9489	3078	776477788987613185
762	0	10052	776249906839351296
763	32161	17540	776218204058357768
764	10284	2771	776201521193218049
765	12591	4775	776113305656188928
766	1967	166	776088319444877312
767	0	18023	775898661951791106
768	12553	2940	775842724423557120
769	14816	4396	775733305207554048
770	13836	5011	775729183532220416
771	7963	3264	775364825476165632
772	10869	4290	775350846108426240
773	16648	5188	775085132600442880
774	9136	1941	774757898236878852
775	7193	1905	774639387460112384
776	23305	6127	774314403806253056
777	11498	4256	773985732834758656
778	6843	1898	773922284943896577
779	7066	1798	773704687002451968
780	5689	1419	773670353721753600
781	23625	6748	773547596996571136
782	0	5580	773336787167145985
783	24859	8188	773308824254029826
784	10079	3520	773247561583001600
785	10687	4504	773191612633579521
786	9178	4240	772877495989305348
787	8531	2547	772826264096874500
788	0	3692	772615324260794368
789	6927	1846	772581559778025472
790	6418	1513	772193107915964416
791	4042	1227	772152991789019136
792	4009	804	772117678702071809
793	2897	516	772114945936949249
794	4291	1012	772102971039580160
795	7035	2080	771908950375665664
796	12834	3724	771770456517009408
797	8847	2872	771500966810099713
798	11254	5580	771380798096281600
799	0	8281	771171053431250945
800	9825	3205	771136648247640064
801	6662	1569	771102124360998913
802	7343	1809	771014301343748096
803	0	240	771004394259247104
804	5304	1337	770787852854652928
805	5557	1550	770772759874076672
806	7823	1899	770655142660169732
807	6724	2254	770414278348247044
808	6667	1629	770293558247038976
809	0	3319	770093767776997377
810	8104	2521	770069151037685760
811	33638	10568	769940425801170949
812	6830	1816	769695466921623552
813	0	8405	769335591808995329
814	5765	1872	769212283578875904
815	15399	7152	768970937022709760
816	0	2953	768909767477751808
817	4481	970	768855141948723200
818	4395	1326	768609597686943744
819	5363	1396	768596291618299904
820	0	6364	768554158521745409
821	14558	3743	768473857036525572
822	11646	3872	768193404517830656
823	5074	1534	767884188863397888
824	17129	5879	767754930266464257
825	8001	2547	767500508068192258
826	13116	4163	767191397493538821
827	10814	3118	767122157629476866
828	0	6185	766864461642756096
829	5424	1484	766793450729734144
830	2784	423	766714921925144576
831	4309	862	766693177336135680
832	6432	1742	766423258543644672
833	7242	2058	766313316352462849
834	0	2835	766078092750233600
835	4576	944	766069199026450432
836	3996	537	766008592277377025
837	7733	2350	765719909049503744
838	5550	1329	765669560888528897
839	28175	3701	765395769549590528
840	7572	2353	765371061932261376
841	12394	3692	765222098633691136
842	6853	1931	764857477905154048
843	6457	1658	764259802650378240
844	789	59	763956972077010945
845	13474	4556	763837565564780549
846	5766	1610	763183847194451968
847	0	3291	763167063695355904
848	7850	2488	763103485927849985
849	12989	3950	762699858130116608
850	12039	7070	762471784394268675
851	11027	4591	762464539388485633
852	5140	1230	762316489655476224
853	34144	17003	762035686371364864
854	5758	2202	761976711479193600
855	0	4302	761750502866649088
856	4533	937	761745352076779520
857	52814	31637	761672994376806400
858	4398	1281	761599872357261312
859	0	19550	761371037149827077
860	5552	1583	761334018830917632
861	4761	1198	761292947749015552
862	5669	1696	761227390836215808
863	12047	3779	761004547850530816
864	4075	1059	760893934457552897
865	7042	2099	760656994973933572
866	5274	1407	760641137271070720
867	8066	3948	760539183865880579
868	4507	1520	760521673607086080
869	28565	12504	760290219849637889
870	4193	942	760252756032651264
871	6080	1972	760190180481531904
872	0	34	760153949710192640
873	6325	2278	759943073749200896
874	15643	6185	759923798737051648
875	7165	2160	759846353224826880
876	6349	2071	759793422261743616
877	0	23016	759566828574212096
878	5014	1279	759557299618865152
879	9042	2667	759447681597108224
880	1778	530	759446261539934208
881	6461	2116	759197388317847553
882	0	1272	759159934323924993
883	15492	4548	759099523532779520
884	6940	2192	759047813560868866
885	3778	973	758854675097526272
886	11911	4170	758828659922702336
887	4072	1078	758474966123810816
888	5117	2425	758467244762497024
889	5534	2100	758405701903519748
890	3657	1183	758355060040593408
891	20448	10957	758099635764359168
892	2882	407	758041019896193024
893	7330	3542	757741869644341248
894	0	8815	757729163776290825
895	4831	1324	757725642876129280
896	4853	1214	757611664640446465
897	0	317	757597904299253760
898	4625	1152	757596066325864448
899	16116	7428	757400162377592832
900	6211	1899	757393109802180609
901	4807	1547	757354760399941633
902	6667	2160	756998049151549440
903	7078	2182	756939218950160384
904	5401	1431	756651752796094464
905	11069	3931	756526248105566208
906	4206	1180	756303284449767430
907	45501	19010	756288534030475264
908	6851	1656	756275833623502848
909	7813	3143	755955933503782912
910	17512	5845	755206590534418437
911	22594	12039	755110668769038337
912	0	8713	754874841593970688
913	7319	2753	754856583969079297
914	2742	568	754747087846248448
915	5651	2118	754482103782404096
916	3980	798	754449512966619136
917	8327	2541	754120377874386944
918	6219	2365	753655901052166144
919	8419	3870	753420520834629632
920	6155	2085	753398408988139520
921	8119	2528	753375668877008896
922	0	6266	753298634498793472
923	3616	1129	753294487569522689
924	39441	22748	753039830821511168
925	4138	1059	753026973505581056
926	13405	7409	752932432744185856
927	7320	1710	752917284578922496
928	0	3135	752701944171524096
929	6367	1745	752682090207055872
930	4688	1714	752660715232722944
931	5884	2480	752568224206688256
932	7840	3744	752519690950500352
933	4062	1193	752334515931054080
934	0	18114	752309394570878976
935	6323	2007	752173152931807232
936	3269	1013	751950017322246144
937	5546	1460	751937170840121344
938	6165	2127	751830394383790080
939	6224	3166	751793661361422336
940	8391	3300	751598357617971201
941	4687	1212	751583847268179968
942	5348	1378	751538714308972544
943	3400	1082	751456908746354688
944	13266	6368	751251247299190784
945	6700	1985	751205363882532864
946	5400	1415	751132876104687617
947	5076	1508	750868782890057730
948	14024	5471	750719632563142656
949	4711	1247	750506206503038976
950	13993	4667	750429297815552001
951	4822	1231	750383411068534784
952	734	32	750381685133418496
953	3285	1048	750147208377409536
954	3852	1377	750132105863102464
955	4596	1410	750117059602808832
956	3231	913	750101899009982464
957	2306	591	750086836815486976
958	8351	3619	750071704093859840
959	3329	971	750056684286914561
960	3370	672	750041628174217216
961	2881	856	750026558547456000
962	3446	987	750011400160841729
963	3219	879	749996283729883136
964	5428	2654	749981277374128128
965	4929	1419	749774190421639168
966	6467	1811	749417653287129088
967	2792	592	749403093750648834
968	9129	3756	749395845976588288
969	5820	2402	749317047558017024
970	6118	2238	749075273010798592
971	5084	1631	749064354620928000
972	3286	844	749036806121881602
973	11356	3678	748977405889503236
974	6202	2449	748932637671223296
975	2929	1026	748705597323898880
976	5018	1730	748699167502000129
977	4494	1442	748692773788876800
978	6431	2158	748575535303884801
979	2312	727	748568946752774144
980	5543	1340	748346686624440324
981	8145	4461	748337862848962560
982	3927	831	748324050481647620
983	3883	772	748307329658011649
984	14963	8413	748220828303695873
985	6129	2321	747963614829678593
986	7019	2761	747933425676525569
987	3126	1067	747885874273214464
988	2969	811	747844099428986880
989	5141	1255	747816857231626240
990	1459	170	747651430853525504
991	13652	6317	747648653817413632
992	2453	593	747600769478692864
993	3909	1136	747594051852075008
994	5877	1712	747512671126323200
995	4094	1116	747461612269887489
996	5745	2075	747439450712596480
997	0	3111	747242308580548608
998	5584	1709	747219827526344708
999	3575	993	747204161125646336
1000	10131	4312	747103485104099331
1001	3052	320	746906459439529985
1002	6345	2318	746872823977771008
1003	5606	1859	746818907684614144
1004	5160	1714	746790600704425984
1005	10118	4203	746757706116112384
1006	6387	1932	746726898085036033
1007	5326	2013	746542875601690625
1008	0	1061	746521445350707200
1009	4899	1167	746507379341139972
1010	6524	1777	746369468511756288
1011	7305	2374	746131877086527488
1012	3755	882	746056683365994496
1013	4262	1150	745789745784041472
1014	7387	2505	745712589599014916
1015	7506	2738	745433870967832576
1016	9058	2622	745422732645535745
1017	7574	2990	745314880350101504
1018	8279	3804	745074613265149952
1019	7639	2453	745057283344719872
1020	3145	672	744995568523612160
1021	8333	2903	744971049620602880
1022	5907	1677	744709971296780288
1023	7153	2304	744334592493166593
1024	165045	84252	744234799360020481
1025	1794	401	744223424764059648
1026	4388	1170	743980027717509120
1027	3840	1032	743895849529389061
1028	0	2251	743835915802583040
1029	4730	1483	743609206067040256
1030	19502	7071	743595368194129920
1031	3721	1005	743545585370791937
1032	8345	3972	743510151680958465
1033	4472	1307	743253157753532416
1034	6542	2052	743222593470234624
1035	4050	1465	743210557239623680
1036	7437	3824	742534281772302336
1037	4683	2146	742528092657332225
1038	7668	4180	742465774154047488
1039	10387	4085	742423170473463808
1040	7167	2141	742385895052087300
1041	4572	1476	742161199639494656
1042	5421	1676	742150209887731712
1043	4815	1624	741793263812808706
1044	8629	2976	741743634094141440
1045	3872	896	741438259667034112
1046	9252	3482	741303864243200000
1047	10591	5961	741099773336379392
1048	9959	3319	741067306818797568
1049	6746	2978	740995100998766593
1050	3591	1003	740711788199743490
1051	2987	842	740699697422163968
1052	19143	7314	740676976021798912
1053	36623	14298	740373189193256964
1054	2611	470	740365076218183684
1055	3480	918	740359016048689152
1056	7061	2115	740214038584557568
1057	21037	6364	739979191639244800
1058	4274	1160	739932936087216128
1059	3998	916	739844404073074688
1060	4013	1458	739623569819336705
1061	5682	1781	739606147276148736
1062	41851	23016	739544079319588864
1063	7588	3163	739485634323156992
1064	122098	62412	739238157791694849
1065	113	6	738891149612572673
1066	3972	1225	738885046782832640
1067	3523	873	738883359779196928
1068	5368	1676	738537504001953792
1069	3440	908	738402415918125056
1070	4542	1301	738184450748633089
1071	9281	3659	738166403467907072
1072	2672	705	738156290900254721
1073	5552	1893	737826014890496000
1074	10518	3716	737800304142471168
1075	5310	1431	737678689543020544
1076	10859	4793	737445876994609152
1077	3804	871	737322739594330112
1078	15470	7954	737310737551491075
1079	4552	1865	736736130620620800
1080	18712	7962	736392552031657984
1081	4201	1344	736365877722001409
1082	8563	2971	736225175608430592
1083	8332	3195	736010884653420544
1084	3792	1231	735991953473572864
1085	4225	1178	735648611367784448
1086	6510	2522	735635087207878657
1087	13686	5446	735274964362878976
1088	3515	950	735256018284875776
1089	3298	1039	735137028879360001
1090	2880	552	734912297295085568
1091	13216	6762	734787690684657664
1092	2643	583	734776360183431168
1093	1573	423	734559631394082816
1094	3789	832	733828123016450049
1095	3860	1080	733822306246479872
1096	3318	1019	733482008106668032
1097	4429	1370	733460102733135873
1098	51743	18023	733109485275860992
1099	2572	575	732732193018155009
1100	3712	949	732726085725589504
1101	3877	823	732585889486888962
1102	8516	2706	732375214819057664
1103	15728	5851	732005617171337216
1104	3666	1055	731285275100512256
1105	4033	1360	731156023742988288
1106	6447	2119	730924654643314689
1107	5171	2308	730573383004487680
1108	3641	1113	730427201120833536
1109	4022	1134	730211855403241472
1110	5136	2052	730196704625098752
1111	4240	1204	729854734790754305
1112	1794	410	729838605770891264
1113	4192	1327	729823566028484608
1114	6109	2469	729463711119904772
1115	1983	350	729113531270991872
1116	3328	879	728986383096946689
1117	4911	1826	728760639972315136
1118	2920	726	728751179681943552
1119	3485	1114	728653952833728512
1120	5164	2147	728409960103686147
1121	3855	1026	728387165835677696
1122	4529	1259	728046963732717569
1123	4778	1788	728035342121635841
1124	4305	1170	728015554473250816
1125	3093	685	727685679342333952
1126	6200	1870	727644517743104000
1127	4695	1309	727524757080539137
1128	3489	803	727314416056803329
1129	3201	872	727286334147182592
1130	4070	1471	727175381690781696
1131	3819	1414	727155742655025152
1132	7234	2626	726935089318363137
1133	4028	1609	726887082820554753
1134	3731	1079	726828223124897792
1135	4640	1231	726224900189511680
1136	7414	2835	725842289046749185
1137	4379	1454	725786712245440512
1138	5449	1903	725729321944506368
1139	1481	666	725458796924002305
1140	3891	1391	724983749226668032
1141	2485	688	724771698126512129
1142	5571	1761	724405726123311104
1143	4543	1890	724049859469295616
1144	2798	596	724046343203856385
1145	4397	1686	724004602748780546
1146	4089	1307	723912936180330496
1147	8101	3192	723688335806480385
1148	3177	954	723673163800948736
1149	5564	2007	723179728551723008
1150	4322	1681	722974582966214656
1151	5204	1748	722613351520608256
1152	4889	2001	721503162398597120
1153	2655	656	721001180231503872
1154	3273	825	720785406564900865
1155	2604	725	720775346191278080
1156	4331	1596	720415127506415616
1157	6731	2691	720389942216527872
1158	3014	1041	720340705894408192
1159	4082	1205	720059472081784833
1160	5144	2147	720043174954147842
1161	5068	1864	719991154352222208
1162	4797	1552	719704490224398336
1163	5305	2060	719551379208073216
1164	2933	789	719367763014393856
1165	4639	1336	719339463458033665
1166	3587	1022	719332531645071360
1167	3662	1173	718971898235854848
1168	5499	1880	718939241951195136
1169	19837	8640	718631497683582976
1170	2563	515	718613305783398402
1171	2614	1079	718540630683709445
1172	2836	565	718460005985447936
1173	5109	1609	718454725339934721
1174	2026	534	718246886998687744
1175	4068	1072	718234618122661888
1176	2573	634	717841801130979328
1177	3032	1207	717790033953034240
1178	6040	1971	717537687239008257
1179	1685	487	717428917016076293
1180	3305	902	717421804990701568
1181	6575	2036	717047459982213120
1182	3440	1043	717009362452090881
1183	4486	1257	716802964044845056
1184	6264	1530	716791146589110272
1185	1292	456	716730379797970944
1186	13756	6296	716447146686459905
1187	2480	229	716439118184652801
1188	2919	1160	716285507865542656
1189	5135	1859	716080869887381504
1190	3349	935	715928423106027520
1191	3926	1518	715758151270801409
1192	4905	1806	715733265223708672
1193	2939	605	715704790270025728
1194	4102	1377	715696743237730304
1195	4549	1731	715680795826982913
1196	5747	1683	715360349751484417
1197	3178	730	715342466308784130
1198	2533	698	715220193576927233
1199	5379	2018	715200624753819648
1200	4376	1323	715009755312439296
1201	3943	1109	714982300363173890
1202	7724	4567	714962719905021952
1203	4347	1517	714957620017307648
1204	3432	1071	714631576617938945
1205	3804	991	714606013974974464
1206	2845	1238	714485234495041536
1207	3158	764	714258258790387713
1208	3433	901	714251586676113411
1209	2382	939	714214115368108032
1210	4523	1501	714141408463036416
1211	3440	829	713919462244790272
1212	2011	581	713909862279876608
1213	2975	795	713900603437621249
1214	5125	1476	713761197720473600
1215	4629	1381	713411074226274305
1216	7566	3025	713177543487135744
1217	4686	1558	713175907180089344
1218	19538	7204	712809025985978368
1219	12987	5357	712717840512598017
1220	4370	1301	712668654853337088
1221	5594	1673	712438159032893441
1222	257	25	712309440758808576
1223	3996	1106	712097430750289920
1224	3091	962	712092745624633345
1225	3409	518	712085617388212225
1226	2381	667	712065007010385924
1227	0	134	711998809858043904
1228	8471	2467	711968124745228288
1229	2992	1058	711743778164514816
1230	9349	4407	711732680602345472
1231	34488	19550	711694788429553666
1232	4066	980	711652651650457602
1233	3844	1212	711363825979756544
1234	3480	783	711306686208872448
1235	3150	663	711008018775851008
1236	4787	1491	710997087345876993
1237	2675	738	710844581445812225
1238	2825	577	710833117892898816
1239	2426	605	710658690886586372
1240	5042	2514	710609963652087808
1241	4789	2005	710588934686908417
1242	2489	787	710296729921429505
1243	2245	551	710283270106132480
1244	4756	1348	710272297844797440
1245	2527	1207	710269109699739648
1246	3060	960	710153181850935296
1247	2911	958	710140971284037632
1248	5784	2127	710117014656950272
1249	3135	1142	709918798883774466
1250	708	105	709901256215666688
1251	3683	1278	709852847387627521
1252	3725	1292	709566166965075968
1253	3453	1140	709556954897764353
1254	1566	256	709519240576036864
1255	2341	631	709449600415961088
1256	2752	740	709409458133323776
1257	2525	611	709225125749587968
1258	13256	6251	709207347839836162
1259	2544	686	709198395643068416
1260	2121	722	709179584944730112
1261	2150	450	709158332880297985
1262	5001	1757	709042156699303936
1263	1893	703	708853462201716736
1264	3131	957	708845821941387268
1265	1786	540	708834316713893888
1266	17344	7451	708810915978854401
1267	2883	873	708738143638450176
1268	2683	781	708711088997666817
1269	2682	722	708479650088034305
1270	3245	880	708469915515297792
1271	16842	10846	708400866336894977
1272	3801	1433	708356463048204288
1273	2475	790	708349470027751425
1274	4497	1650	708149363256774660
1275	3561	894	708130923141795840
1276	2824	1049	708119489313951744
1277	2030	579	708109389455101952
1278	4594	2049	708026248782585858
1279	3286	1206	707995814724026368
1280	51	2	707983188426153984
1281	2838	1038	707969809498152960
1282	3449	1015	707776935007539200
1283	2625	653	707741517457260545
1284	4308	2644	707738799544082433
1285	3622	1074	707693576495472641
1286	2715	941	707629649552134146
1287	17850	6872	707610948723478529
1288	2395	740	707420581654872064
1289	2402	642	707411934438625280
1290	3692	1396	707387676719185920
1291	3459	1158	707377100785885184
1292	2606	687	707315916783140866
1293	2914	852	707297311098011648
1294	2710	727	707059547140169728
1295	2315	852	707038192327901184
1296	4285	1468	707021089608753152
1297	2428	642	707014260413456384
1298	15349	8405	706904523814649856
1299	2180	642	706901761596989440
1300	3502	1037	706681918348251136
1301	2717	1174	706644897839910912
1302	2277	670	706593038911545345
1303	3645	1515	706538006853918722
1304	3263	1110	706516534877929472
1305	3629	989	706346369204748288
1306	22571	8569	706310011488698368
1307	1793	500	706291001778950144
1308	2876	983	706265994973601792
1309	4114	2384	706169069255446529
1310	5426	1726	706166467411222528
1311	1573	414	706153300320784384
1312	3267	791	705975130514706432
1313	3305	955	705970349788291072
1314	2505	598	705898680587526145
1315	2056	566	705786532653883392
1316	3341	1233	705591895322394625
1317	3117	993	705475953783398401
1318	4688	1765	705442520700944385
1319	4027	1814	705428427625635840
1320	3159	808	705239209544720384
1321	2726	865	705223444686888960
1322	2270	548	705102439679201280
1323	2292	649	705066031337840642
1324	4498	1193	704871453724954624
1325	2382	585	704859558691414016
1326	5389	1642	704847917308362754
1327	2777	1073	704819833553219584
1328	6998	3111	704761120771465216
1329	3100	1073	704499785726889984
1330	809	89	704491224099647488
1331	3584	1136	704480331685040129
1332	8466	3817	704364645503647744
1333	1677	376	704347321748819968
1334	1595	502	704134088924532736
1335	1964	605	704113298707505153
1336	3076	983	704054845121142784
1337	1948	500	703774238772166656
1338	3470	1217	703769065844768768
1339	2737	743	703631701117943808
1340	4070	1628	703611486317502464
1341	4006	1481	703425003149250560
1342	2592	749	703407252292673536
1343	3697	1225	703382836347330562
1344	2019	416	703356393781329922
1345	2078	586	703268521220972544
1346	7787	3326	703079050210877440
1347	27816	13459	703041949650034688
1348	2734	774	702932127499816960
1349	1700	483	702899151802126337
1350	3397	1159	702684942141153280
1351	2315	602	702671118226825216
1352	10905	3510	702598099714314240
1353	3030	1026	702539513671897089
1354	3366	1669	702332542343577600
1355	3460	1105	702321140488925184
1356	2613	818	702276748847800320
1357	5074	1437	702217446468493312
1358	3634	1063	701981390485725185
1359	4022	1099	701952816642965504
1360	3757	1473	701889187134500865
1361	3620	1822	701805642395348998
1362	2204	491	701601587219795968
1363	2978	1003	701570477911896070
1364	2807	659	701545186879471618
1365	12887	5492	701214700881756160
1366	2342	617	700890391244103680
1367	2735	660	700864154249383937
1368	2563	537	700847567345688576
1369	2570	1032	700796979434098688
1370	24079	10052	700747788515020802
1371	2786	858	700518061187723268
1372	2402	615	700505138482569216
1373	4372	1933	700462010979500032
1374	2798	800	700167517596164096
1375	2364	709	700151421916807169
1376	7945	2953	700143752053182464
1377	2792	746	700062718104104960
1378	2187	628	700029284593901568
1379	3495	1445	700002074055016451
1380	3223	1031	699801817392291840
1381	2371	532	699788877217865730
1382	2930	1331	699779630832685056
1383	2069	652	699775878809702401
1384	10827	4928	699691744225525762
1385	6258	2805	699446877801091073
1386	2286	545	699434518667751424
1387	1449	354	699423671849451520
1388	2183	664	699413908797464576
1389	1986	472	699370870310113280
1390	3334	925	699323444782047232
1391	2359	675	699088579889332224
1392	2584	705	699079609774645248
1393	3167	1271	699072405256409088
1394	3984	1939	699060279947165696
1395	2753	1283	699036661657767936
1396	3567	1060	698989035503689728
1397	2855	971	698953797952008193
1398	2681	666	698907974262222848
1399	2613	733	698710712454139905
1400	1530	406	698703483621523456
1401	1356	366	698635131305795584
1402	2446	662	698549713696649216
1403	1977	485	698355670425473025
1404	2386	1016	698342080612007937
1405	5012	2155	698262614669991936
1406	17682	6397	698195409219559425
1407	2951	791	698178924120031232
1408	1613	359	697995514407682048
1409	3470	1388	697990423684476929
1410	2537	742	697943111201378304
1411	3182	1274	697881462549430272
1412	1848	578	697630435728322560
1413	3343	1084	697616773278015490
1414	3208	1352	697596423848730625
1415	2156	540	697575480820686848
1416	2190	1216	697516214579523584
1417	2554	724	697482927769255936
1418	3603	1476	697463031882764288
1419	4930	1995	697270446429966336
1420	3464	1069	697259378236399616
1421	3181	1244	697255105972801536
1422	2658	714	697242256848379904
1423	3367	1101	696900204696625153
1424	2476	730	696894894812565505
1425	5103	1924	696886256886657024
1426	2576	762	696877980375769088
1427	1555	384	696754882863349760
1428	2181	1011	696744641916489729
1429	2511	692	696713835009417216
1430	4103	1818	696518437233913856
1431	1290	156	696490539101908992
1432	2682	1110	696488710901260288
1433	3392	1218	696405997980676096
1434	2047	715	696100768806522880
1435	3172	1252	695816827381944320
1436	3366	842	695794761660297217
1437	1977	799	695767669421768709
1438	4821	2251	695629776980148225
1439	4600	1942	695446424020918272
1440	9103	3827	695409464418041856
1441	3847	1583	695314793360662529
1442	2792	660	695095422348574720
1443	3002	1185	695074328191332352
1444	1697	643	695064344191721472
1445	2816	845	695051054296211456
1446	2839	980	694925794720792577
1447	2905	1003	694905863685980160
1448	37680	15523	694669722378485760
1449	1594	312	694356675654983680
1450	2151	668	694352839993344000
1451	1663	524	694342028726001664
1452	2118	539	694329668942569472
1453	4422	2174	694206574471057408
1454	3109	998	694183373896572928
1455	3581	1110	694001791655137281
1456	1971	434	693993230313091072
1457	1825	398	693942351086120961
1458	2848	637	693647888581312512
1459	1419	137	693644216740769793
1460	2678	447	693642232151285760
1461	2584	857	693629975228977152
1462	1629	398	693622659251335168
1463	5340	2118	693590843962331137
1464	1731	273	693582294167244802
1465	1878	676	693486665285931008
1466	3554	1332	693280720173801472
1467	2527	881	693267061318012928
1468	2356	539	693262851218264065
1469	3027	787	693231807727280129
1470	8324	3437	693155686491000832
1471	1818	660	693109034023534592
1472	1983	499	693095443459342336
1473	2826	800	692919143163629568
1474	2573	944	692905862751522816
1475	1887	652	692901601640583168
1476	2410	868	692894228850999298
1477	3035	946	692828166163931137
1478	7202	3898	692752401762250755
1479	4587	1654	692568918515392513
1480	3374	1457	692535307825213440
1481	1947	450	692530551048294401
1482	1560	246	692423280028966913
1483	9858	3725	692417313023332352
1484	2664	878	692187005137076224
1485	2277	851	692158366030913536
1486	1733	423	692142790915014657
1487	3589	1368	692041934689402880
1488	3023	1022	692017291282812928
1489	4171	1775	691820333922455552
1490	8557	4507	691793053716221953
1491	3052	1100	691756958957883396
1492	2054	546	691675652215414786
1493	2510	607	691483041324204033
1494	4291	1239	691459709405118465
1495	2797	911	691444869282295808
1496	20416	8212	691416866452082688
1497	2716	710	691321916024623104
1498	3132	957	691096613310316544
1499	1804	359	691090071332753408
1500	6244	3086	690989312272396288
1501	3784	1351	690959652130045952
1502	4369	2144	690938899477221376
1503	3475	1102	690932576555528194
1504	3999	1379	690735892932222976
1505	2293	557	690728923253055490
1506	2457	856	690690673629138944
1507	1383	302	690649993829576704
1508	306	17	690607260360429569
1509	2080	647	690597161306841088
1510	1980	489	690400367696297985
1511	3441	928	690374419777196032
1512	2796	956	690360449368465409
1513	1590	551	690348396616552449
1514	1777	440	690248561355657216
1515	2956	1111	690021994562220032
1516	2655	793	690015576308211712
1517	3869	1811	690005060500217858
1518	1509	401	689999384604450816
1519	1552	491	689993469801164801
1520	1446	481	689977555533848577
1521	2571	746	689905486972461056
1522	3189	1274	689877686181715968
1523	2288	812	689835978131935233
1524	3381	1001	689661964914655233
1525	10949	4177	689659372465688576
1526	2361	693	689623661272240129
1527	12280	5946	689599056876867584
1528	2162	496	689557536375177216
1529	3584	1536	689517482558820352
1530	2382	1002	689289219123089408
1531	3479	1192	689283819090870273
1532	2113	772	689280876073582592
1533	1222	264	689275259254616065
1534	2703	1162	689255633275777024
1535	3237	1078	689154315265683456
1536	2138	552	689143371370250240
1537	2885	938	688916208532455424
1538	2232	830	688908934925697024
1539	2224	847	688898160958271489
1540	2361	745	688894073864884227
1541	1462	398	688828561667567616
1542	1014	209	688804835492233216
1543	2345	716	688789766343622656
1544	2754	758	688547210804498433
1545	2443	789	688519176466644993
1546	9812	4795	688385280030670848
1547	2349	899	688211956440801280
1548	2237	631	688179443353796608
1549	2983	844	688116655151435777
1550	1824	386	688064179421470721
1551	5778	2715	687841446767013888
1552	2886	1214	687826841265172480
1553	2645	1019	687818504314159109
1554	2527	755	687807801670897665
1555	1863	703	687732144991551489
1556	2578	900	687704180304273409
1557	2048	552	687664829264453632
1558	2022	619	687494652870668288
1559	1693	263	687480748861947905
1560	2082	573	687476254459715584
1561	2163	586	687460506001633280
1562	1999	677	687399393394311168
1563	21234	9848	687317306314240000
1564	4602	2042	687312378585812992
1565	5772	2465	687127927494963200
1566	2287	544	687124485711986689
1567	6135	2653	687109925361856513
1568	2474	1065	687102708889812993
1569	2370	653	687096057537363968
1570	9088	3420	686947101016735744
1571	3715	1482	686760001961103360
1572	3669	1571	686749460672679938
1573	4387	1288	686730991906516992
1574	2969	862	686683045143953408
1575	3889	1461	686618349602762752
1576	2005	583	686606069955735556
1577	1847	732	686394059078897668
1578	3441	946	686386521809772549
1579	2346	602	686377065986265092
1580	2322	734	686358356425093120
1581	4230	1792	686286779679375361
1582	2331	786	686050296934563840
1583	1221	131	686035780142297088
1584	3299	1255	686034024800862208
1585	2618	450	686007916130873345
1586	1926	680	686003207160610816
1587	2231	568	685973236358713344
1588	1720	648	685943807276412928
1589	7952	3136	685906723014619143
1590	2148	137	685681090388975616
1591	2474	620	685667379192414208
1592	3437	1576	685663452032069632
1593	3104	837	685641971164143616
1594	34814	16887	685547936038666240
1595	3216	1237	685532292383666176
1596	10016	4302	685325112850124800
1597	2800	689	685321586178670592
1598	3538	1162	685315239903100929
1599	2182	475	685307451701334016
1600	3274	1298	685268753634967552
1601	2471	717	685198997565345792
1602	4331	1532	685169283572338688
1603	2495	411	684969860808454144
1604	7211	3381	684959798585110529
1605	3400	1125	684940049151070208
1606	3699	504	684926975086034944
1607	3704	1570	684914660081053696
1608	1990	570	684902183876321280
1609	2219	882	684880619965411328
1610	37035	23266	684830982659280897
1611	2866	1074	684800227459624960
1612	9441	3807	684594889858887680
1613	4352	1512	684588130326986752
1614	3180	1328	684567543613382656
1615	2805	1032	684538444857667585
1616	4089	1257	684481074559381504
1617	2090	596	684460069371654144
1618	8624	3560	684241637099323392
1619	1311	229	684225744407494656
1620	4064	1484	684222868335505415
1621	2286	1114	684200372118904832
1622	2028	560	684195085588783105
1623	3679	1261	684188786104872960
1624	2130	726	684177701129875456
1625	3150	1614	684147889187209216
1626	2108	514	684122891630342144
1627	4344	1551	684097758874210310
1628	4026	1204	683857920510050305
1629	2035	378	683852578183077888
1630	2776	1058	683849932751646720
1631	2773	1194	683834909291606017
1632	2956	1140	683828599284170753
1633	3536	1464	683773439333797890
1634	6880	3581	683742671509258241
1635	7778	3135	683515932363329536
1636	3351	1035	683498322573824003
1637	2783	1070	683481228088049664
1638	2571	720	683462770029932544
1639	4118	1732	683449695444799489
1640	8044	2576	683391852557561860
1641	3098	1012	683357973142474752
1642	3046	1119	683142553609318400
1643	3593	983	683111407806746624
1644	2290	711	683098815881154561
1645	2093	604	683078886620553216
1646	2275	789	683030066213818368
1647	39040	17991	682962037429899265
1648	1870	193	682808988178739200
1649	2614	1203	682788441537560576
1650	1609	471	682750546109968385
1651	1391	387	682697186228989953
1652	3217	1165	682662431982772225
1653	2169	648	682638830361513985
1654	3626	1253	682429480204398592
1655	8011	1904	682406705142087680
1656	2367	738	682393905736888321
1657	1764	504	682389078323662849
1658	3257	1074	682303737705140231
1659	4408	1311	682259524040966145
1660	3436	1276	682242692827447297
1661	19331	10668	682088079302213632
1662	5245	1827	682059653698686977
1663	3398	1041	682047327939461121
1664	6955	2167	682032003584274432
1665	3322	1647	682003177596559360
1666	2937	1109	681981167097122816
1667	2605	891	681891461017812993
1668	13478	4362	681694085539872773
1669	1860	482	681679526984871937
1670	2793	998	681654059175129088
1671	2015	511	681610798867845120
1672	3742	1408	681579835668455424
1673	15110	6266	681523177663676416
1674	1731	301	681340665377193984
1675	9794	4377	681339448655802368
1676	2802	818	681320187870711809
1677	4167	1974	681302363064414209
1678	3370	1030	681297372102656000
1679	3394	1185	681281657291280384
1680	1537	297	681261549936340994
1681	1581	584	681242418453299201
1682	2526	521	681231109724700672
1683	3917	1609	681193455364796417
1684	2563	717	680970795137544192
1685	4803	2148	680959110691590145
1686	3399	1139	680940246314430465
1687	2191	474	680934982542561280
1688	2524	666	680913438424612864
1689	1863	395	680889648562991104
1690	3647	1431	680836378243002368
1691	2285	714	680805554198020098
1692	2498	894	680801747103793152
1693	3018	1122	680798457301471234
1694	2782	770	680609293079592961
1695	3817	1447	680583894916304897
1696	4465	2059	680497766108381184
1697	1803	519	680494726643068929
1698	2684	803	680473011644985345
1699	1533	545	680440374763077632
1700	1532	309	680221482581123072
1701	2986	1264	680206703334408192
1702	2263	544	680191257256136705
1703	4111	1689	680176173301628928
1704	2441	789	680161097740095489
1705	3813	1874	680145970311643136
1706	2416	1020	680130881361686529
1707	2864	976	680115823365742593
1708	3765	1472	680100725817409536
1709	13473	9583	680085611152338944
1710	2710	944	680070545539371008
1711	17588	7650	680055455951884288
1712	2073	691	679877062409191424
1713	2293	713	679872969355714560
1714	2588	670	679862121895714818
1715	3019	1327	679854723806179328
1716	2496	826	679844490799091713
1717	38176	15102	679828447187857408
1718	3241	1201	679777920601223168
1719	2204	857	679736210798047232
1720	2279	884	679729593985699840
1721	1742	504	679722016581222400
1722	5015	2229	679530280114372609
1723	2783	778	679527802031484928
1724	3551	1371	679511351870550016
1725	3322	1593	679503373272485890
1726	2209	687	679475951516934144
1727	33402	20259	679462823135686656
1728	2498	1292	679405845277462528
1729	22594	8713	679158373988876288
1730	2911	1105	679148763231985668
1731	3118	1240	679132435750195208
1732	6256	2738	679111216690831360
1733	17946	8815	679062614270468097
1734	2367	733	679047485189439488
1735	2965	1324	679001094530465792
1736	2436	1261	678991772295516161
1737	1722	497	678969228704284672
1738	2701	965	678800283649069056
1739	3655	1275	678798276842360832
1740	2934	991	678774928607469569
1741	3707	1467	678767140346941444
1742	1715	512	678764513869611008
1743	7501	3549	678755239630127104
1744	3941	1826	678740035362037760
1745	5836	2607	678708137298427904
1746	3017	1588	678675843183484930
1747	2150	457	678643457146150913
1748	4193	1682	678446151570427904
1749	5676	2723	678424312106393600
1750	4441	1955	678410210315247616
1751	82404	33953	678399652199309312
1752	1667	450	678396796259975168
1753	1960	452	678389028614488064
1754	2556	969	678380236862578688
1755	1809	576	678341075375947776
1756	1364	282	678334497360859136
1757	12020	6504	678278586130948096
1758	1660	398	678255464182861824
1759	2017	412	678023323247357953
1760	14411	6809	678021115718029313
1761	3578	1800	677961670166224897
1762	1411	436	677918531514703872
1763	5051	2255	677895101218201600
1764	3186	1034	677716515794329600
1765	3560	1541	677700003327029250
1766	1283	340	677698403548192770
1767	2592	899	677687604918272002
1768	3500	1602	677673981332312066
1769	2039	1043	677662372920729601
1770	1963	850	677644091929329666
1771	2240	773	677573743309385728
1772	1353	485	677565715327688705
1773	2547	1243	677557565589463040
1774	7242	3882	677547928504967168
1775	1122	242	677530072887205888
1776	3185	1914	677335745548390400
1777	1421	314	677334615166730240
1778	1141	253	677331501395156992
1779	3795	1595	677328882937298944
1780	1719	572	677314812125323265
1781	1300	437	677301033169788928
1782	2086	751	677269281705472000
1783	3703	1743	677228873407442944
1784	2853	985	677187300187611136
1785	2897	1140	676975532580409345
1786	2307	860	676957860086095872
1787	1360	422	676949632774234114
1788	2275	928	676948236477857792
1789	1779	404	676946864479084545
1790	2165	809	676942428000112642
1791	13254	5230	676936541936185344
1792	3094	1916	676916996760600576
1793	2357	768	676897532954456065
1794	2202	758	676864501615042560
1795	24060	16628	676821958043033607
1796	1879	705	676819651066732545
1797	1477	450	676811746707918848
1798	5200	2136	676776431406465024
1799	3020	1048	676617503762681856
1800	1139	207	676613908052996102
1801	1964	466	676606785097199616
1802	1222	415	676603393314578432
1803	4769	2292	676593408224403456
1804	952	134	676590572941893632
1805	2437	847	676588346097852417
1806	1257	299	676582956622721024
1807	2701	1192	676575501977128964
1808	1958	595	676533798876651520
1809	1584	568	676496375194980353
1810	12095	4959	676470639084101634
1811	1796	707	676440007570247681
1812	1458	365	676430933382295552
1813	2164	581	676263575653122048
1814	1275	312	676237365392908289
1815	77916	32916	676219687039057920
1816	1809	623	676215927814406144
1817	2371	1091	676191832485810177
1818	1996	709	676146341966438401
1819	2229	1231	676121918416756736
1820	2923	1229	676101918813499392
1821	3133	1528	676098748976615425
1822	1372	454	676089483918516224
1823	1704	607	675898130735476737
1824	2222	926	675891555769696257
1825	2472	1019	675888385639251968
1826	4347	1480	675878199931371520
1827	1708	604	675870721063669760
1828	2791	1375	675853064436391936
1829	979	161	675849018447167488
1830	2374	943	675845657354215424
1831	1585	566	675822767435051008
1832	1092	244	675820929667219457
1833	10643	3583	675798442703122432
1834	1687	502	675781562965868544
1835	1210	366	675740360753160193
1836	1963	876	675710890956750848
1837	2064	735	675707330206547968
1838	670	103	675706639471788032
1839	1881	440	675534494439489536
1840	1225	409	675531475945709568
1841	1079	302	675522403582218240
1842	1355	483	675517828909424640
1843	17752	6143	675501075957489664
1844	3257	1369	675497103322386432
1845	1351	629	675489971617296384
1846	1913	1025	675483430902214656
1847	1582	597	675432746517426176
1848	1758	533	675372240448454658
1849	1083	241	675362609739206656
1850	33951	18114	675354435921575936
1851	4057	2381	675349384339542016
1852	2880	1362	675334060156301312
1853	3737	1707	675166823650848770
1854	6510	2748	675153376133427200
1855	3869	1775	675149409102012420
1856	977	253	675147105808306176
1857	1238	328	675146535592706048
1858	2212	952	675145476954566656
1859	1340	521	675135153782571009
1860	2017	822	675113801096802304
1861	996	266	675111688094527488
1862	2889	1193	675109292475830276
1863	1096	343	675047298674663426
1864	2808	1263	675015141583413248
1865	1014	237	675006312288268288
1866	1602	499	675003128568291329
1867	2328	1157	674999807681908736
1868	887	370	674805413498527744
1869	3103	903	674800520222154752
1870	2588	1148	674793399141146624
1871	1140	266	674790488185167872
1872	836	219	674788554665512960
1873	2070	1268	674781762103414784
1874	1169	499	674774481756377088
1875	1887	836	674767892831932416
1876	810	249	674764817387900928
1877	1403	470	674754018082705410
1878	1507	487	674752233200820224
1879	1448	582	674743008475090944
1880	504	54	674742531037511680
1881	1147	416	674739953134403584
1882	667	96	674737130913071104
1883	1184	490	674690135443775488
1884	1668	688	674670581682434048
1885	952	266	674664755118911488
1886	1486	526	674646392044941312
1887	1062	283	674644256330530816
1888	1735	608	674638615994089473
1889	1548	604	674632714662858753
1890	964	103	674606911342424069
1891	6418	2161	674468880899788800
1892	1093	373	674447403907457024
1893	1149	414	674436901579923456
1894	1476	558	674422304705744896
1895	705	147	674416750885273600
1896	1232	485	674410619106390016
1897	1544	601	674394782723014656
1898	871	324	674372068062928900
1899	577	76	674330906434379776
1900	1456	539	674318007229923329
1901	11653	7276	674307341513269249
1902	15187	6172	674291837063053312
1903	1613	764	674271431610523648
1904	923	238	674269164442398721
1905	1686	890	674265582246694913
1906	1341	479	674262580978937856
1907	1514	585	674255168825880576
1908	776	179	674082852460433408
1909	1004	301	674075285688614912
1910	6546	2330	674063288070742018
1911	3420	1362	674053186244734976
1912	1488	504	674051556661161984
1913	1463	670	674045139690631169
1914	741	134	674042553264685056
1915	1128	429	674038233588723717
1916	868	226	674036086168010753
1917	1831	1287	674024893172875264
1918	1167	312	674019345211760640
1919	1606	675	674014384960745472
1920	1234	368	674008982932058114
1921	1999	1007	673956914389192708
1922	1199	383	673919437611909120
1923	3281	1690	673906403526995968
1924	957	262	673887867907739649
1925	3151	794	673716320723169284
1926	3636	2181	673715861853720576
1927	1065	309	673711475735838725
1928	873	284	673709992831262724
1929	1103	300	673708611235921920
1930	1127	406	673707060090052608
1931	1290	413	673705679337693185
1932	1479	595	673700254269775872
1933	3905	2047	673697980713705472
1934	1782	677	673689733134946305
1935	1297	518	673688752737402881
1936	1485	456	673686845050527744
1937	1407	485	673680198160809984
1938	1281	375	673662677122719744
1939	738	253	673656262056419329
1940	1145	379	673636718965334016
1941	1627	752	673612854080196609
1942	1221	383	673583129559498752
1943	852	276	673580926094458881
1944	1419	584	673576835670777856
1945	1048	319	673363615379013632
1946	1488	697	673359818736984064
1947	1531	607	673355879178194945
1948	1692	561	673352124999274496
1949	759	222	673350198937153538
1950	2590	1330	673345638550134785
1951	997	280	673343217010679808
1952	1304	611	673342308415348736
1953	13811	8281	673320132811366400
1954	889	271	673317986296586240
1955	7704	3291	673295268553605120
1956	1088	384	673270968295534593
1957	1455	761	673240798075449344
1958	2309	882	673213039743795200
1959	1736	655	673148804208660480
1960	2011	750	672997845381865473
1961	978	309	672995267319328768
1962	1001	303	672988786805112832
1963	1280	563	672984142909456390
1964	1855	1038	672980819271634944
1965	1722	950	672975131468300288
1966	973	369	672970152493887488
1967	1344	568	672968025906282496
1968	1456	663	672964561327235073
1969	1397	526	672902681409806336
1970	916	436	672898206762672129
1971	1586	857	672884426393653248
1972	1056	381	672877615439593473
1973	1341	591	672834301050937345
1974	1277	508	672828477930868736
1975	997	334	672640509974827008
1976	1323	514	672622327801233409
1977	1251	606	672614745925664768
1978	1143	403	672609152938721280
1979	1140	418	672604026190569472
1980	1357	626	672594978741354496
1981	973	345	672591762242805761
1982	747	194	672591271085670400
1983	1053	383	672538107540070400
1984	660	178	672523490734551040
1985	1142	454	672488522314567680
1986	1162	629	672482722825261057
1987	731	128	672481316919734272
1988	1465	725	672475084225949696
1989	1383	559	672466075045466113
1990	6605	3511	672272411274932228
1991	1533	635	672267570918129665
1992	1175	352	672264251789176834
1993	2880	1611	672256522047614977
1994	1466	765	672254177670729728
1995	1762	631	672248013293752320
1996	702	162	672245253877968896
1997	915	330	672239279297454080
1998	1876	1050	672231046314901505
1999	804	219	672222792075620352
2000	2315	1199	672205392827572224
2001	1044	382	672169685991993344
2002	885	371	672160042234327040
2003	1787	742	672139350159835138
2004	2461	1185	672125275208069120
2005	1018	379	672095186491711488
2006	959	378	672082170312290304
2007	1325	532	672068090318987265
2008	8652	4308	671896809300709376
2009	1357	586	671891728106971137
2010	3546	1422	671882082306625538
2011	1450	712	671879137494245376
2012	1278	577	671874878652489728
2013	1150	517	671866342182637568
2014	927	469	671855973984772097
2015	7217	3610	671789708968640512
2016	1220	544	671768281401958400
2017	1719	956	671763349865160704
2018	1379	798	671744970634719232
2019	758	238	671743150407421952
2020	1478	782	671735591348891648
2021	8700	4516	671729906628341761
2022	13128	7481	671561002136281088
2023	938	215	671550332464455680
2024	1384	615	671547767500775424
2025	2033	1085	671544874165002241
2026	1116	587	671542985629241344
2027	944	411	671538301157904385
2028	1207	423	671536543010570240
2029	1042	599	671533943490011136
2030	858	267	671528761649688577
2031	1427	543	671520732782923777
2032	969	302	671518598289059840
2033	1646	750	671511350426865664
2034	7194	3661	671504605491109889
2035	937	461	671497587707535361
2036	1034	486	671488513339211776
2037	595	212	671486386088865792
2038	779	239	671485057807351808
2039	1447	759	671390180817915904
2040	1134	301	671362598324076544
2041	409	151	671357843010908160
2042	490	117	671355857343524864
2043	986	443	671347597085433856
2044	755	219	671186162933985280
2045	1153	357	671182547775299584
2046	893	365	671166507850801152
2047	1696	1143	671163268581498880
2048	386	84	671159727754231808
2049	740	226	671154572044468225
2050	689	159	671151324042559489
2051	692	235	671147085991960577
2052	1198	675	671141549288370177
2053	952	418	671138694582165504
2054	768	199	671134062904504320
2055	3576	2609	671122204919246848
2056	1390	799	671115716440031232
2057	1172	455	671109016219725825
2058	1130	301	670995969505435648
2059	25110	9050	670842764863651840
2060	609	202	670840546554966016
2061	1139	721	670838202509447168
2062	463	128	670833812859932673
2063	750	226	670832455012716544
2064	5671	4210	670826280409919488
2065	795	198	670823764196741120
2066	627	99	670822709593571328
2067	3243	1596	670815497391357952
2068	1159	277	670811965569282048
2069	1177	504	670807719151067136
2070	2014	987	670804601705242624
2071	347	89	670803562457407488
2072	751	244	670797304698376195
2073	852	287	670792680469889025
2074	676	248	670789397210615808
2075	614	207	670786190031921152
2076	834	408	670783437142401025
2077	1605	800	670782429121134593
2078	799	297	670780561024270336
2079	336	74	670778058496974848
2080	1101	437	670764103623966721
2081	455	116	670755717859713024
2082	986	528	670733412878163972
2083	847	373	670727704916926465
2084	1240	512	670717338665226240
2085	781	383	670704688707301377
2086	602	252	670691627984359425
2087	765	295	670679630144274432
2088	258	45	670676092097810432
2089	10971	5223	670668383499735048
2090	1566	789	670474236058800128
2091	358	87	670468609693655041
2092	987	573	670465786746662913
2093	562	215	670452855871037440
2094	1220	695	670449342516494336
2095	6864	2051	670444955656130560
2096	660	204	670442337873600512
2097	1076	536	670435821946826752
2098	1438	668	670434127938719744
2099	334	118	670433248821026816
2100	1417	654	670428280563085312
2101	531	170	670427002554466305
2102	1344	659	670421925039075328
2103	642	328	670420569653809152
2104	581	333	670417414769758208
2105	2075	933	670411370698022913
2106	570	233	670408998013820928
2107	443	163	670403879788544000
2108	577	220	670385711116361728
2109	762	277	670374371102445568
2110	338	69	670361874861563904
2111	437	114	670338931251150849
2112	3946	1272	670319130621435904
2113	435	139	670303360680108032
2114	724	298	670290420111441920
2115	1056	349	670093938074779648
2116	714	262	670086499208155136
2117	2274	1288	670079681849372674
2118	1605	818	670073503555706880
2119	648	252	670069087419133954
2120	785	353	670061506722140161
2121	684	342	670055038660800512
2122	660	181	670046952931721218
2123	770	115	670040295598354432
2124	600	288	670037189829525505
2125	342	96	670003130994700288
2126	332	87	669993076832759809
2127	454	168	669972011175813120
2128	307	63	669970042633789440
2129	521	173	669942763794931712
2130	384	108	669926384437997569
2131	242	59	669923323644657664
2132	834	417	669753178989142016
2133	278	67	669749430875258880
2134	533	91	669684865554620416
2135	398	114	669683899023405056
2136	362	137	669682095984410625
2137	682	299	669680153564442624
2138	820	455	669661792646373376
2139	3615	1871	669625907762618368
2140	966	377	669603084620980224
2141	524	156	669597912108789760
2142	1521	961	669583744538451968
2143	448	147	669573570759163904
2144	1619	1050	669571471778410496
2145	241	59	669567591774625800
2146	396	128	669564461267722241
2147	375	79	669393256313184256
2148	1368	755	669375718304980992
2149	509	187	669371483794317312
2150	474	164	669367896104181761
2151	643	237	669363888236994561
2152	376	127	669359674819481600
2153	2773	1311	669354382627049472
2154	661	266	669353438988365824
2155	448	194	669351434509529089
2156	1032	431	669328503091937280
2157	587	120	669327207240699904
2158	507	214	669324657376567296
2159	1211	415	669216679721873412
2160	450	177	669214165781868544
2161	1028	495	669203728096960512
2162	676	323	669037058363662336
2163	755	385	669015743032369152
2164	591	260	669006782128353280
2165	21331	6588	669000397445533696
2166	452	241	668994913074286592
2167	763	358	668992363537309700
2168	697	338	668989615043424256
2169	921	488	668988183816871936
2170	566	173	668986018524233728
2171	553	318	668981893510119424
2172	812	357	668979806671884288
2173	1334	602	668975677807423489
2174	149	25	668967877119254528
2175	725	246	668960084974809088
2176	285	74	668955713004314625
2177	273	59	668932921458302977
2178	325	104	668902994700836864
2179	408	155	668892474547511297
2180	541	308	668872652652679168
2181	463	172	668852170888998912
2182	446	142	668826086256599040
2183	584	281	668815180734689280
2184	717	382	668779399630725120
2185	543	225	668655139528511488
2186	917	557	668645506898350081
2187	900	546	668643542311546881
2188	1097	556	668641109086707712
2189	1068	504	668636665813057536
2190	2883	1707	668633411083464705
2191	737	326	668631377374486528
2192	326	118	668627278264475648
2193	398	139	668625577880875008
2194	1474	803	668623201287675904
2195	208	44	668620235289837568
2196	622	322	668614819948453888
2197	1701	1112	668587383441514497
2198	252	57	668567822092664832
2199	533	236	668544745690562560
2200	472	223	668542336805281792
2201	257	78	668537837512433665
2202	473	232	668528771708952576
2203	333	111	668507509523615744
2204	421	135	668496999348633600
2205	434	242	668484198282485761
2206	473	153	668480044826800133
2207	901	529	668466899341221888
2208	632	307	668297328638447616
2209	252	32	668291999406125056
2210	517	142	668286279830867968
2211	844	236	668274247790391296
2212	562	243	668268907921326080
2213	1334	636	668256321989451776
2214	1013	502	668248472370458624
2215	6344	2936	668237644992782336
2216	303	106	668226093875376128
2217	520	203	668221241640230912
2218	562	200	668204964695683073
2219	667	200	668190681446379520
2220	503	202	668171859951755264
2221	508	325	668154635664932864
2222	575	295	668142349051129856
2223	678	252	668113020489474048
2224	1293	817	667937095915278337
2225	307	114	667924896115245057
2226	215	58	667915453470232577
2227	498	311	667911425562669056
2228	861	385	667902449697558528
2229	1923	1120	667886921285246976
2230	835	503	667885044254572545
2231	400	122	667878741721415682
2232	639	417	667873844930215936
2233	3056	1061	667866724293877760
2234	244	79	667861340749471744
2235	293	63	667832474953625600
2236	1070	512	667806454573760512
2237	335	97	667801013445750784
2238	710	336	667793409583771648
2239	420	250	667782464991965184
2240	240	58	667773195014021121
2241	448	222	667766675769573376
2242	381	152	667728196545200128
2243	491	326	667724302356258817
2244	0	35	667550904950915073
2245	0	33	667550882905632768
2246	5883	2335	667549055577362432
2247	338	127	667546741521195010
2248	882	536	667544320556335104
2249	209	67	667538891197542400
2250	829	551	667534815156183040
2251	478	245	667530908589760512
2252	1728	1137	667524857454854144
2253	374	196	667517642048163840
2254	6872	2175	667509364010450944
2255	539	224	667502640335572993
2256	532	280	667495797102141441
2257	539	232	667491009379606528
2258	260	100	667470559035432960
2259	194	60	667455448082227200
2260	318	91	667453023279554560
2261	794	592	667443425659232256
2262	453	242	667437278097252352
2263	309	84	667435689202614272
2264	473	221	667405339315146752
2265	197	58	667393430834667520
2266	370	167	667369227918143488
2267	498	245	667211855547486208
2268	621	265	667200525029539841
2269	388	109	667192066997374976
2270	753	423	667188689915760640
2271	14473	6321	667182792070062081
2272	192	55	667177989038297088
2273	614	468	667176164155375616
2274	247	84	667174963120574464
2275	223	91	667171260800061440
2276	2717	1161	667165590075940865
2277	260	62	667160273090932737
2278	48275	17412	667152164079423490
2279	4661	2251	667138269671505920
2280	331	128	667119796878725120
2281	337	129	667090893657276420
2282	408	124	667073648344346624
2283	84	14	667070482143944705
2284	167	48	667065535570550784
2285	219	55	667062181243039745
2286	185	51	667044094246576128
2287	452	226	667012601033924608
2288	247	96	666996132027977728
2289	2570	995	666983947667116034
2290	826	559	666837028449972224
2291	217	80	666835007768551424
2292	255	97	666826780179869698
2293	521	254	666817836334096384
2294	242	94	666804364988780544
2295	764	488	666786068205871104
2296	389	199	666781792255496192
2297	351	175	666776908487630848
2298	238	66	666739327293083650
2299	433	219	666701168228331520
2300	189	47	666691418707132416
2301	1120	628	666649482315059201
2302	232	83	666644823164719104
2303	520	208	666454714377183233
2304	104	20	666447344410484738
2305	124	48	666437273139982337
2306	165	53	666435652385423360
2307	316	197	666430724426358785
2308	165	83	666428276349472768
2309	315	111	666421158376562688
2310	123	45	666418789513326592
2311	440	324	666411507551481857
2312	107	40	666407126856765440
2313	167	84	666396247373291520
2314	185	92	666373753744588802
2315	770	564	666362758909284353
2316	218	71	666353288456101888
2317	290	133	666345417576210432
2318	197	90	666337882303524864
2319	494	352	666293911632134144
2320	146	64	666287406224695296
2321	174	76	666273097616637952
2322	102	35	666268910803644416
2323	14173	6493	666104133288665088
2324	80	12	666102155909144576
2325	153	67	666099513787052032
2326	163	72	666094000022159362
2327	116	44	666082916733198337
2328	319	162	666073100786774016
2329	145	59	666071193221509120
2330	471	215	666063827256086533
2331	111	57	666058600524156928
2332	294	141	666057090499244032
2333	432	246	666055525042405380
2334	1207	841	666051853826850816
2335	132	59	666050758794694657
2336	107	40	666049248165822465
2337	296	139	666044226329800704
2338	125	44	666033412701032449
2339	129	47	666029285002620928
2340	2545	508	666020888022790149
